title,test_id,genre,genre_id,head,questions
Events That Shaped U.S. Presidencies,9,United States History,US,History,
Immortals of Greek Mythology,2,Greek Mythology,Mythology,Religion,
Famous Characters From Famous Books,8,Classic Literature,Classics,Literature,
united States Landmark Supreme Court Cases,3,Legal History,Law,Social Science,
Famous Medical Discoveries,6,Medical History,Medicine,Applied Science,
World leaders and Their Parties,320,Political History,Politics,Social Science,
"U.S. Events, Landmarks & Monuments",901,Landmarks,US,Geography,
Great Lines from Great Works,801,Classic Literature,Classics,Literature,
Famous Discoveries of Biological Science,570,History of Biology,Life Science,Natural Science,
Flags of the Americas,902,Geography,Flags,Geography,
Flags of Europe,903,Geography,Flags,Geography,
Flags of Africa,904,Geography,Flags,Geography,
The Elements of the Periodic Table,546,Science,Periodic Table,Natural Science,
Famous Companies That Changed Their Names,651,Business,Business History,,
Identifying Zodiac Signs,303,Zodiac,Zodiac Signs,Religion,
Music of the 90s,61,Popular Music,Music History,Arts & Recreation,
Sounds of Motown,701,Popular Music,Music History,Arts & Recreation,
Famous Artists and Their Artwork,7,African-American Art,Artists & Artwork,Arts & Recreation,
Identifying Algebraic Equations,604,Algebra,Algebraic Equations,Mathematics,
Government Conspiracies – Health & Medical,98,Conspiracies,Medical Conspiracies,General Studies,
Government Conspiracies – Military,99,Conspiracies,Military Conspiracies,General Studies,
The English Alphabet in Sign Language,4,Sign Language,Linguistics,Language,
